fecha,euribor_12m,ipc_var_anual,eur_usd
2023-01-01,3.3370455,5.9,1.0683
2023-01-02,3.3370455,5.9,1.0683
2023-01-03,3.3370455,5.9,1.0545
2023-01-04,3.3370455,5.9,1.0599
2023-01-05,3.3370455,5.9,1.0601
2023-01-06,3.3370455,5.9,1.05
2023-01-07,3.3370455,5.9,1.05
2023-01-08,3.3370455,5.9,1.05
2023-01-09,3.3370455,5.9,1.0696
2023-01-10,3.3370455,5.9,1.0723
2023-01-11,3.3370455,5.9,1.0747
2023-01-12,3.3370455,5.9,1.0772
2023-01-13,3.3370455,5.9,1.0814
2023-01-14,3.3370455,5.9,1.0814
2023-01-15,3.3370455,5.9,1.0814
2023-01-16,3.3370455,5.9,1.0812
2023-01-17,3.3370455,5.9,1.0843
2023-01-18,3.3370455,5.9,1.0839
2023-01-19,3.3370455,5.9,1.0815
2023-01-20,3.3370455,5.9,1.0826
2023-01-21,3.3370455,5.9,1.0826
2023-01-22,3.3370455,5.9,1.0826
2023-01-23,3.3370455,5.9,1.0871
2023-01-24,3.3370455,5.9,1.0858
2023-01-25,3.3370455,5.9,1.0878
2023-01-26,3.3370455,5.9,1.0895
2023-01-27,3.3370455,5.9,1.0865
2023-01-28,3.3370455,5.9,1.0865
2023-01-29,3.3370455,5.9,1.0865
2023-01-30,3.3370455,5.9,1.0903
2023-01-31,3.3370455,5.9,1.0833
2023-02-01,3.5336,6.0,1.0894
2023-02-02,3.5336,6.0,1.0988
2023-02-03,3.5336,6.0,1.0937
2023-02-04,3.5336,6.0,1.0937
2023-02-05,3.5336,6.0,1.0937
2023-02-06,3.5336,6.0,1.0776
2023-02-07,3.5336,6.0,1.07
2023-02-08,3.5336,6.0,1.0735
2023-02-09,3.5336,6.0,1.0771
2023-02-10,3.5336,6.0,1.069
2023-02-11,3.5336,6.0,1.069
2023-02-12,3.5336,6.0,1.069
2023-02-13,3.5336,6.0,1.0686
2023-02-14,3.5336,6.0,1.0759
2023-02-15,3.5336,6.0,1.07
2023-02-16,3.5336,6.0,1.07
2023-02-17,3.5336,6.0,1.0625
2023-02-18,3.5336,6.0,1.0625
2023-02-19,3.5336,6.0,1.0625
2023-02-20,3.5336,6.0,1.0674
2023-02-21,3.5336,6.0,1.0664
2023-02-22,3.5336,6.0,1.0644
2023-02-23,3.5336,6.0,1.0616
2023-02-24,3.5336,6.0,1.057
2023-02-25,3.5336,6.0,1.057
2023-02-26,3.5336,6.0,1.057
2023-02-27,3.5336,6.0,1.0554
2023-02-28,3.5336,6.0,1.0619
2023-03-01,3.6466087,3.3,1.0684
2023-03-02,3.6466087,3.3,1.0605
2023-03-03,3.6466087,3.3,1.0615
2023-03-04,3.6466087,3.3,1.0615
2023-03-05,3.6466087,3.3,1.0615
2023-03-06,3.6466087,3.3,1.0646
2023-03-07,3.6466087,3.3,1.0665
2023-03-08,3.6466087,3.3,1.0545
2023-03-09,3.6466087,3.3,1.0554
2023-03-10,3.6466087,3.3,1.0586
2023-03-11,3.6466087,3.3,1.0586
2023-03-12,3.6466087,3.3,1.0586
2023-03-13,3.6466087,3.3,1.0706
2023-03-14,3.6466087,3.3,1.0737
2023-03-15,3.6466087,3.3,1.0549
2023-03-16,3.6466087,3.3,1.0595
2023-03-17,3.6466087,3.3,1.0623
2023-03-18,3.6466087,3.3,1.0623
2023-03-19,3.6466087,3.3,1.0623
2023-03-20,3.6466087,3.3,1.0717
2023-03-21,3.6466087,3.3,1.0776
2023-03-22,3.6466087,3.3,1.0785
2023-03-23,3.6466087,3.3,1.0879
2023-03-24,3.6466087,3.3,1.0745
2023-03-25,3.6466087,3.3,1.0745
2023-03-26,3.6466087,3.3,1.0745
2023-03-27,3.6466087,3.3,1.0773
2023-03-28,3.6466087,3.3,1.0841
2023-03-29,3.6466087,3.3,1.0847
2023-03-30,3.6466087,3.3,1.0886
2023-03-31,3.6466087,3.3,1.0875
2023-04-01,3.7565556,4.1,1.0875
2023-04-02,3.7565556,4.1,1.0875
2023-04-03,3.7565556,4.1,1.087
2023-04-04,3.7565556,4.1,1.0901
2023-04-05,3.7565556,4.1,1.094
2023-04-06,3.7565556,4.1,1.0915
2023-04-07,3.7565556,4.1,1.0915
2023-04-08,3.7565556,4.1,1.0915
2023-04-09,3.7565556,4.1,1.0915
2023-04-10,3.7565556,4.1,1.0915
2023-04-11,3.7565556,4.1,1.0905
2023-04-12,3.7565556,4.1,1.0922
2023-04-13,3.7565556,4.1,1.1015
2023-04-14,3.7565556,4.1,1.1057
2023-04-15,3.7565556,4.1,1.1057
2023-04-16,3.7565556,4.1,1.1057
2023-04-17,3.7565556,4.1,1.0981
2023-04-18,3.7565556,4.1,1.0972
2023-04-19,3.7565556,4.1,1.0933
2023-04-20,3.7565556,4.1,1.0944
2023-04-21,3.7565556,4.1,1.0978
2023-04-22,3.7565556,4.1,1.0978
2023-04-23,3.7565556,4.1,1.0978
2023-04-24,3.7565556,4.1,1.1002
2023-04-25,3.7565556,4.1,1.1022
2023-04-26,3.7565556,4.1,1.1039
2023-04-27,3.7565556,4.1,1.1042
2023-04-28,3.7565556,4.1,1.0981
2023-04-29,3.7565556,4.1,1.0981
2023-04-30,3.7565556,4.1,1.0981
2023-05-01,3.8622273,3.2,1.0981
2023-05-02,3.8622273,3.2,1.0965
2023-05-03,3.8622273,3.2,1.1043
2023-05-04,3.8622273,3.2,1.1074
2023-05-05,3.8622273,3.2,1.1014
2023-05-06,3.8622273,3.2,1.1014
2023-05-07,3.8622273,3.2,1.1014
2023-05-08,3.8622273,3.2,1.1037
2023-05-09,3.8622273,3.2,1.0959
2023-05-10,3.8622273,3.2,1.095
2023-05-11,3.8622273,3.2,1.093
2023-05-12,3.8622273,3.2,1.0892
2023-05-13,3.8622273,3.2,1.0892
2023-05-14,3.8622273,3.2,1.0892
2023-05-15,3.8622273,3.2,1.0876
2023-05-16,3.8622273,3.2,1.0881
2023-05-17,3.8622273,3.2,1.0829
2023-05-18,3.8622273,3.2,1.0813
2023-05-19,3.8622273,3.2,1.0808
2023-05-20,3.8622273,3.2,1.0808
2023-05-21,3.8622273,3.2,1.0808
2023-05-22,3.8622273,3.2,1.0822
2023-05-23,3.8622273,3.2,1.0779
2023-05-24,3.8622273,3.2,1.0785
2023-05-25,3.8622273,3.2,1.0735
2023-05-26,3.8622273,3.2,1.0751
2023-05-27,3.8622273,3.2,1.0751
2023-05-28,3.8622273,3.2,1.0751
2023-05-29,3.8622273,3.2,1.0715
2023-05-30,3.8622273,3.2,1.0744
2023-05-31,3.8622273,3.2,1.0683
2023-06-01,4.0072727,1.9,1.0697
2023-06-02,4.0072727,1.9,1.0763
2023-06-03,4.0072727,1.9,1.0763
2023-06-04,4.0072727,1.9,1.0763
2023-06-05,4.0072727,1.9,1.069
2023-06-06,4.0072727,1.9,1.0683
2023-06-07,4.0072727,1.9,1.0717
2023-06-08,4.0072727,1.9,1.0737
2023-06-09,4.0072727,1.9,1.078
2023-06-10,4.0072727,1.9,1.078
2023-06-11,4.0072727,1.9,1.078
2023-06-12,4.0072727,1.9,1.0765
2023-06-13,4.0072727,1.9,1.0793
2023-06-14,4.0072727,1.9,1.0809
2023-06-15,4.0072727,1.9,1.0819
2023-06-16,4.0072727,1.9,1.0966
2023-06-17,4.0072727,1.9,1.0966
2023-06-18,4.0072727,1.9,1.0966
2023-06-19,4.0072727,1.9,1.0922
2023-06-20,4.0072727,1.9,1.0933
2023-06-21,4.0072727,1.9,1.0923
2023-06-22,4.0072727,1.9,1.0985
2023-06-23,4.0072727,1.9,1.0884
2023-06-24,4.0072727,1.9,1.0884
2023-06-25,4.0072727,1.9,1.0884
2023-06-26,4.0072727,1.9,1.0918
2023-06-27,4.0072727,1.9,1.0951
2023-06-28,4.0072727,1.9,1.0938
2023-06-29,4.0072727,1.9,1.0938
2023-06-30,4.0072727,1.9,1.0866
2023-07-01,4.1490476,2.3,1.0866
2023-07-02,4.1490476,2.3,1.0866
2023-07-03,4.1490476,2.3,1.0899
2023-07-04,4.1490476,2.3,1.0895
2023-07-05,4.1490476,2.3,1.0879
2023-07-06,4.1490476,2.3,1.0899
2023-07-07,4.1490476,2.3,1.0888
2023-07-08,4.1490476,2.3,1.0888
2023-07-09,4.1490476,2.3,1.0888
2023-07-10,4.1490476,2.3,1.0956
2023-07-11,4.1490476,2.3,1.0989
2023-07-12,4.1490476,2.3,1.1022
2023-07-13,4.1490476,2.3,1.1182
2023-07-14,4.1490476,2.3,1.1221
2023-07-15,4.1490476,2.3,1.1221
2023-07-16,4.1490476,2.3,1.1221
2023-07-17,4.1490476,2.3,1.123
2023-07-18,4.1490476,2.3,1.1255
2023-07-19,4.1490476,2.3,1.1222
2023-07-20,4.1490476,2.3,1.1197
2023-07-21,4.1490476,2.3,1.1123
2023-07-22,4.1490476,2.3,1.1123
2023-07-23,4.1490476,2.3,1.1123
2023-07-24,4.1490476,2.3,1.1096
2023-07-25,4.1490476,2.3,1.1051
2023-07-26,4.1490476,2.3,1.1059
2023-07-27,4.1490476,2.3,1.1125
2023-07-28,4.1490476,2.3,1.101
2023-07-29,4.1490476,2.3,1.101
2023-07-30,4.1490476,2.3,1.101
2023-07-31,4.1490476,2.3,1.1023
2023-08-01,4.0729565,2.6,1.097
2023-08-02,4.0729565,2.6,1.0985
2023-08-03,4.0729565,2.6,1.0932
2023-08-04,4.0729565,2.6,1.0946
2023-08-05,4.0729565,2.6,1.0946
2023-08-06,4.0729565,2.6,1.0946
2023-08-07,4.0729565,2.6,1.0984
2023-08-08,4.0729565,2.6,1.0944
2023-08-09,4.0729565,2.6,1.0968
2023-08-10,4.0729565,2.6,1.1019
2023-08-11,4.0729565,2.6,1.1004
2023-08-12,4.0729565,2.6,1.1004
2023-08-13,4.0729565,2.6,1.1004
2023-08-14,4.0729565,2.6,1.093
2023-08-15,4.0729565,2.6,1.0926
2023-08-16,4.0729565,2.6,1.0916
2023-08-17,4.0729565,2.6,1.09
2023-08-18,4.0729565,2.6,1.0867
2023-08-19,4.0729565,2.6,1.0867
2023-08-20,4.0729565,2.6,1.0867
2023-08-21,4.0729565,2.6,1.0908
2023-08-22,4.0729565,2.6,1.0887
2023-08-23,4.0729565,2.6,1.0805
2023-08-24,4.0729565,2.6,1.084
2023-08-25,4.0729565,2.6,1.0808
2023-08-26,4.0729565,2.6,1.0808
2023-08-27,4.0729565,2.6,1.0808
2023-08-28,4.0729565,2.6,1.0808
2023-08-29,4.0729565,2.6,1.0803
2023-08-30,4.0729565,2.6,1.0886
2023-08-31,4.0729565,2.6,1.0868
2023-09-01,4.1491905,3.5,1.0844
2023-09-02,4.1491905,3.5,1.0844
2023-09-03,4.1491905,3.5,1.0844
2023-09-04,4.1491905,3.5,1.0801
2023-09-05,4.1491905,3.5,1.0731
2023-09-06,4.1491905,3.5,1.0745
2023-09-07,4.1491905,3.5,1.071
2023-09-08,4.1491905,3.5,1.0704
2023-09-09,4.1491905,3.5,1.0704
2023-09-10,4.1491905,3.5,1.0704
2023-09-11,4.1491905,3.5,1.0724
2023-09-12,4.1491905,3.5,1.0713
2023-09-13,4.1491905,3.5,1.0733
2023-09-14,4.1491905,3.5,1.073
2023-09-15,4.1491905,3.5,1.0658
2023-09-16,4.1491905,3.5,1.0658
2023-09-17,4.1491905,3.5,1.0658
2023-09-18,4.1491905,3.5,1.0663
2023-09-19,4.1491905,3.5,1.0713
2023-09-20,4.1491905,3.5,1.0702
2023-09-21,4.1491905,3.5,1.0635
2023-09-22,4.1491905,3.5,1.0647
2023-09-23,4.1491905,3.5,1.0647
2023-09-24,4.1491905,3.5,1.0647
2023-09-25,4.1491905,3.5,1.0633
2023-09-26,4.1491905,3.5,1.0605
2023-09-27,4.1491905,3.5,1.0536
2023-09-28,4.1491905,3.5,1.0539
2023-09-29,4.1491905,3.5,1.0594
2023-09-30,4.1491905,3.5,1.0594
2023-10-01,4.16,3.5,1.0594
2023-10-02,4.16,3.5,1.053
2023-10-03,4.16,3.5,1.0469
2023-10-04,4.16,3.5,1.0497
2023-10-05,4.16,3.5,1.0526
2023-10-06,4.16,3.5,1.0563
2023-10-07,4.16,3.5,1.0563
2023-10-08,4.16,3.5,1.0563
2023-10-09,4.16,3.5,1.0531
2023-10-10,4.16,3.5,1.0582
2023-10-11,4.16,3.5,1.0604
2023-10-12,4.16,3.5,1.0619
2023-10-13,4.16,3.5,1.0524
2023-10-14,4.16,3.5,1.0524
2023-10-15,4.16,3.5,1.0524
2023-10-16,4.16,3.5,1.0538
2023-10-17,4.16,3.5,1.0569
2023-10-18,4.16,3.5,1.0565
2023-10-19,4.16,3.5,1.0558
2023-10-20,4.16,3.5,1.0591
2023-10-21,4.16,3.5,1.0591
2023-10-22,4.16,3.5,1.0591
2023-10-23,4.16,3.5,1.0597
2023-10-24,4.16,3.5,1.0632
2023-10-25,4.16,3.5,1.0576
2023-10-26,4.16,3.5,1.054
2023-10-27,4.16,3.5,1.0541
2023-10-28,4.16,3.5,1.0541
2023-10-29,4.16,3.5,1.0541
2023-10-30,4.16,3.5,1.0605
2023-10-31,4.16,3.5,1.0619
2023-11-01,4.0220909,3.2,1.0537
2023-11-02,4.0220909,3.2,1.0661
2023-11-03,4.0220909,3.2,1.0702
2023-11-04,4.0220909,3.2,1.0702
2023-11-05,4.0220909,3.2,1.0702
2023-11-06,4.0220909,3.2,1.0741
2023-11-07,4.0220909,3.2,1.0686
2023-11-08,4.0220909,3.2,1.0671
2023-11-09,4.0220909,3.2,1.0691
2023-11-10,4.0220909,3.2,1.0683
2023-11-11,4.0220909,3.2,1.0683
2023-11-12,4.0220909,3.2,1.0683
2023-11-13,4.0220909,3.2,1.067
2023-11-14,4.0220909,3.2,1.0724
2023-11-15,4.0220909,3.2,1.0868
2023-11-16,4.0220909,3.2,1.0849
2023-11-17,4.0220909,3.2,1.0872
2023-11-18,4.0220909,3.2,1.0872
2023-11-19,4.0220909,3.2,1.0872
2023-11-20,4.0220909,3.2,1.0928
2023-11-21,4.0220909,3.2,1.0955
2023-11-22,4.0220909,3.2,1.0911
2023-11-23,4.0220909,3.2,1.09
2023-11-24,4.0220909,3.2,1.0916
2023-11-25,4.0220909,3.2,1.0916
2023-11-26,4.0220909,3.2,1.0916
2023-11-27,4.0220909,3.2,1.0951
2023-11-28,4.0220909,3.2,1.0949
2023-11-29,4.0220909,3.2,1.0985
2023-11-30,4.0220909,3.2,1.0931
2023-12-01,3.6791053,3.1,1.0875
2023-12-02,3.6791053,3.1,1.0875
2023-12-03,3.6791053,3.1,1.0875
2023-12-04,3.6791053,3.1,1.0868
2023-12-05,3.6791053,3.1,1.0817
2023-12-06,3.6791053,3.1,1.0778
2023-12-07,3.6791053,3.1,1.0771
2023-12-08,3.6791053,3.1,1.0777
2023-12-09,3.6791053,3.1,1.0777
2023-12-10,3.6791053,3.1,1.0777
2023-12-11,3.6791053,3.1,1.0757
2023-12-12,3.6791053,3.1,1.0804
2023-12-13,3.6791053,3.1,1.0787
2023-12-14,3.6791053,3.1,1.0919
2023-12-15,3.6791053,3.1,1.0946
2023-12-16,3.6791053,3.1,1.0946
2023-12-17,3.6791053,3.1,1.0946
2023-12-18,3.6791053,3.1,1.0918
2023-12-19,3.6791053,3.1,1.0962
2023-12-20,3.6791053,3.1,1.0944
2023-12-21,3.6791053,3.1,1.0983
2023-12-22,3.6791053,3.1,1.1023
2023-12-23,3.6791053,3.1,1.1023
2023-12-24,3.6791053,3.1,1.1023
2023-12-25,3.6791053,3.1,1.1023
2023-12-26,3.6791053,3.1,1.1023
2023-12-27,3.6791053,3.1,1.1065
2023-12-28,3.6791053,3.1,1.1114
2023-12-29,3.6791053,3.1,1.105
2023-12-30,3.6791053,3.1,1.105
2023-12-31,3.6791053,3.1,1.105
2024-01-01,3.6092273,3.4,1.105
2024-01-02,3.6092273,3.4,1.0956
2024-01-03,3.6092273,3.4,1.0919
2024-01-04,3.6092273,3.4,1.0953
2024-01-05,3.6092273,3.4,1.0921
2024-01-06,3.6092273,3.4,1.0921
2024-01-07,3.6092273,3.4,1.0921
2024-01-08,3.6092273,3.4,1.0946
2024-01-09,3.6092273,3.4,1.094
2024-01-10,3.6092273,3.4,1.0946
2024-01-11,3.6092273,3.4,1.0987
2024-01-12,3.6092273,3.4,1.0942
2024-01-13,3.6092273,3.4,1.0942
2024-01-14,3.6092273,3.4,1.0942
2024-01-15,3.6092273,3.4,1.0945
2024-01-16,3.6092273,3.4,1.0882
2024-01-17,3.6092273,3.4,1.0877
2024-01-18,3.6092273,3.4,1.0875
2024-01-19,3.6092273,3.4,1.0887
2024-01-20,3.6092273,3.4,1.0887
2024-01-21,3.6092273,3.4,1.0887
2024-01-22,3.6092273,3.4,1.089
2024-01-23,3.6092273,3.4,1.0872
2024-01-24,3.6092273,3.4,1.0905
2024-01-25,3.6092273,3.4,1.0893
2024-01-26,3.6092273,3.4,1.0871
2024-01-27,3.6092273,3.4,1.0871
2024-01-28,3.6092273,3.4,1.0871
2024-01-29,3.6092273,3.4,1.0823
2024-01-30,3.6092273,3.4,1.0846
2024-01-31,3.6092273,3.4,1.0837
2024-02-01,3.6705238,2.8,1.0814
2024-02-02,3.6705238,2.8,1.0883
2024-02-03,3.6705238,2.8,1.0883
2024-02-04,3.6705238,2.8,1.0883
2024-02-05,3.6705238,2.8,1.0746
2024-02-06,3.6705238,2.8,1.0743
2024-02-07,3.6705238,2.8,1.0776
2024-02-08,3.6705238,2.8,1.0758
2024-02-09,3.6705238,2.8,1.0772
2024-02-10,3.6705238,2.8,1.0772
2024-02-11,3.6705238,2.8,1.0772
2024-02-12,3.6705238,2.8,1.0773
2024-02-13,3.6705238,2.8,1.0793
2024-02-14,3.6705238,2.8,1.0713
2024-02-15,3.6705238,2.8,1.0743
2024-02-16,3.6705238,2.8,1.0768
2024-02-17,3.6705238,2.8,1.0768
2024-02-18,3.6705238,2.8,1.0768
2024-02-19,3.6705238,2.8,1.0776
2024-02-20,3.6705238,2.8,1.0802
2024-02-21,3.6705238,2.8,1.0809
2024-02-22,3.6705238,2.8,1.0844
2024-02-23,3.6705238,2.8,1.0834
2024-02-24,3.6705238,2.8,1.0834
2024-02-25,3.6705238,2.8,1.0834
2024-02-26,3.6705238,2.8,1.0852
2024-02-27,3.6705238,2.8,1.0856
2024-02-28,3.6705238,2.8,1.0808
2024-02-29,3.6705238,2.8,1.0826
2024-03-01,3.71785,3.2,1.0813
2024-03-02,3.71785,3.2,1.0813
2024-03-03,3.71785,3.2,1.0813
2024-03-04,3.71785,3.2,1.0846
2024-03-05,3.71785,3.2,1.0849
2024-03-06,3.71785,3.2,1.0874
2024-03-07,3.71785,3.2,1.0895
2024-03-08,3.71785,3.2,1.0932
2024-03-09,3.71785,3.2,1.0932
2024-03-10,3.71785,3.2,1.0932
2024-03-11,3.71785,3.2,1.0926
2024-03-12,3.71785,3.2,1.0916
2024-03-13,3.71785,3.2,1.0939
2024-03-14,3.71785,3.2,1.0925
2024-03-15,3.71785,3.2,1.0892
2024-03-16,3.71785,3.2,1.0892
2024-03-17,3.71785,3.2,1.0892
2024-03-18,3.71785,3.2,1.0892
2024-03-19,3.71785,3.2,1.0854
2024-03-20,3.71785,3.2,1.0844
2024-03-21,3.71785,3.2,1.0907
2024-03-22,3.71785,3.2,1.0823
2024-03-23,3.71785,3.2,1.0823
2024-03-24,3.71785,3.2,1.0823
2024-03-25,3.71785,3.2,1.0835
2024-03-26,3.71785,3.2,1.0855
2024-03-27,3.71785,3.2,1.0816
2024-03-28,3.71785,3.2,1.0811
2024-03-29,3.71785,3.2,1.0811
2024-03-30,3.71785,3.2,1.0811
2024-03-31,3.71785,3.2,1.0811
2024-04-01,3.7033333,3.3,1.0811
2024-04-02,3.7033333,3.3,1.0749
2024-04-03,3.7033333,3.3,1.0783
2024-04-04,3.7033333,3.3,1.0852
2024-04-05,3.7033333,3.3,1.0841
2024-04-06,3.7033333,3.3,1.0841
2024-04-07,3.7033333,3.3,1.0841
2024-04-08,3.7033333,3.3,1.0823
2024-04-09,3.7033333,3.3,1.0867
2024-04-10,3.7033333,3.3,1.086
2024-04-11,3.7033333,3.3,1.0729
2024-04-12,3.7033333,3.3,1.0652
2024-04-13,3.7033333,3.3,1.0652
2024-04-14,3.7033333,3.3,1.0652
2024-04-15,3.7033333,3.3,1.0656
2024-04-16,3.7033333,3.3,1.0637
2024-04-17,3.7033333,3.3,1.0638
2024-04-18,3.7033333,3.3,1.0679
2024-04-19,3.7033333,3.3,1.0653
2024-04-20,3.7033333,3.3,1.0653
2024-04-21,3.7033333,3.3,1.0653
2024-04-22,3.7033333,3.3,1.0632
2024-04-23,3.7033333,3.3,1.0674
2024-04-24,3.7033333,3.3,1.0686
2024-04-25,3.7033333,3.3,1.072
2024-04-26,3.7033333,3.3,1.0714
2024-04-27,3.7033333,3.3,1.0714
2024-04-28,3.7033333,3.3,1.0714
2024-04-29,3.7033333,3.3,1.072
2024-04-30,3.7033333,3.3,1.0718
2024-05-01,3.6801364,3.6,1.0718
2024-05-02,3.6801364,3.6,1.0698
2024-05-03,3.6801364,3.6,1.0744
2024-05-04,3.6801364,3.6,1.0744
2024-05-05,3.6801364,3.6,1.0744
2024-05-06,3.6801364,3.6,1.0776
2024-05-07,3.6801364,3.6,1.0766
2024-05-08,3.6801364,3.6,1.0743
2024-05-09,3.6801364,3.6,1.0732
2024-05-10,3.6801364,3.6,1.0779
2024-05-11,3.6801364,3.6,1.0779
2024-05-12,3.6801364,3.6,1.0779
2024-05-13,3.6801364,3.6,1.0795
2024-05-14,3.6801364,3.6,1.0796
2024-05-15,3.6801364,3.6,1.0832
2024-05-16,3.6801364,3.6,1.0866
2024-05-17,3.6801364,3.6,1.0844
2024-05-18,3.6801364,3.6,1.0844
2024-05-19,3.6801364,3.6,1.0844
2024-05-20,3.6801364,3.6,1.0861
2024-05-21,3.6801364,3.6,1.0864
2024-05-22,3.6801364,3.6,1.083
2024-05-23,3.6801364,3.6,1.0854
2024-05-24,3.6801364,3.6,1.084
2024-05-25,3.6801364,3.6,1.084
2024-05-26,3.6801364,3.6,1.084
2024-05-27,3.6801364,3.6,1.0843
2024-05-28,3.6801364,3.6,1.0882
2024-05-29,3.6801364,3.6,1.0857
2024-05-30,3.6801364,3.6,1.0815
2024-05-31,3.6801364,3.6,1.0852
2024-06-01,3.6496,3.4,1.0852
2024-06-02,3.6496,3.4,1.0852
2024-06-03,3.6496,3.4,1.0842
2024-06-04,3.6496,3.4,1.0865
2024-06-05,3.6496,3.4,1.0872
2024-06-06,3.6496,3.4,1.0865
2024-06-07,3.6496,3.4,1.0898
2024-06-08,3.6496,3.4,1.0898
2024-06-09,3.6496,3.4,1.0898
2024-06-10,3.6496,3.4,1.0756
2024-06-11,3.6496,3.4,1.073
2024-06-12,3.6496,3.4,1.0765
2024-06-13,3.6496,3.4,1.0784
2024-06-14,3.6496,3.4,1.0686
2024-06-15,3.6496,3.4,1.0686
2024-06-16,3.6496,3.4,1.0686
2024-06-17,3.6496,3.4,1.0712
2024-06-18,3.6496,3.4,1.0715
2024-06-19,3.6496,3.4,1.0749
2024-06-20,3.6496,3.4,1.0719
2024-06-21,3.6496,3.4,1.0688
2024-06-22,3.6496,3.4,1.0688
2024-06-23,3.6496,3.4,1.0688
2024-06-24,3.6496,3.4,1.073
2024-06-25,3.6496,3.4,1.0714
2024-06-26,3.6496,3.4,1.0689
2024-06-27,3.6496,3.4,1.0696
2024-06-28,3.6496,3.4,1.0705
2024-06-29,3.6496,3.4,1.0705
2024-06-30,3.6496,3.4,1.0705
2024-07-01,3.525913,2.8,1.0745
2024-07-02,3.525913,2.8,1.0729
2024-07-03,3.525913,2.8,1.0758
2024-07-04,3.525913,2.8,1.08
2024-07-05,3.525913,2.8,1.0824
2024-07-06,3.525913,2.8,1.0824
2024-07-07,3.525913,2.8,1.0824
2024-07-08,3.525913,2.8,1.0835
2024-07-09,3.525913,2.8,1.0814
2024-07-10,3.525913,2.8,1.0825
2024-07-11,3.525913,2.8,1.0855
2024-07-12,3.525913,2.8,1.089
2024-07-13,3.525913,2.8,1.089
2024-07-14,3.525913,2.8,1.089
2024-07-15,3.525913,2.8,1.0907
2024-07-16,3.525913,2.8,1.0902
2024-07-17,3.525913,2.8,1.0934
2024-07-18,3.525913,2.8,1.093
2024-07-19,3.525913,2.8,1.089
2024-07-20,3.525913,2.8,1.089
2024-07-21,3.525913,2.8,1.089
2024-07-22,3.525913,2.8,1.0888
2024-07-23,3.525913,2.8,1.086
2024-07-24,3.525913,2.8,1.0848
2024-07-25,3.525913,2.8,1.0851
2024-07-26,3.525913,2.8,1.086
2024-07-27,3.525913,2.8,1.086
2024-07-28,3.525913,2.8,1.086
2024-07-29,3.525913,2.8,1.0817
2024-07-30,3.525913,2.8,1.0824
2024-07-31,3.525913,2.8,1.0828
2024-08-01,3.1661364,2.3,1.0789
2024-08-02,3.1661364,2.3,1.0835
2024-08-03,3.1661364,2.3,1.0835
2024-08-04,3.1661364,2.3,1.0835
2024-08-05,3.1661364,2.3,1.0966
2024-08-06,3.1661364,2.3,1.0915
2024-08-07,3.1661364,2.3,1.0922
2024-08-08,3.1661364,2.3,1.093
2024-08-09,3.1661364,2.3,1.0917
2024-08-10,3.1661364,2.3,1.0917
2024-08-11,3.1661364,2.3,1.0917
2024-08-12,3.1661364,2.3,1.0925
2024-08-13,3.1661364,2.3,1.0931
2024-08-14,3.1661364,2.3,1.1019
2024-08-15,3.1661364,2.3,1.1011
2024-08-16,3.1661364,2.3,1.0994
2024-08-17,3.1661364,2.3,1.0994
2024-08-18,3.1661364,2.3,1.0994
2024-08-19,3.1661364,2.3,1.1041
2024-08-20,3.1661364,2.3,1.1084
2024-08-21,3.1661364,2.3,1.1116
2024-08-22,3.1661364,2.3,1.1135
2024-08-23,3.1661364,2.3,1.1121
2024-08-24,3.1661364,2.3,1.1121
2024-08-25,3.1661364,2.3,1.1121
2024-08-26,3.1661364,2.3,1.1163
2024-08-27,3.1661364,2.3,1.1162
2024-08-28,3.1661364,2.3,1.1117
2024-08-29,3.1661364,2.3,1.1088
2024-08-30,3.1661364,2.3,1.1087
2024-08-31,3.1661364,2.3,1.1087
2024-09-01,2.9360476,1.5,1.1087
2024-09-02,2.9360476,1.5,1.1061
2024-09-03,2.9360476,1.5,1.1035
2024-09-04,2.9360476,1.5,1.105
2024-09-05,2.9360476,1.5,1.1097
2024-09-06,2.9360476,1.5,1.1103
2024-09-07,2.9360476,1.5,1.1103
2024-09-08,2.9360476,1.5,1.1103
2024-09-09,2.9360476,1.5,1.1043
2024-09-10,2.9360476,1.5,1.1031
2024-09-11,2.9360476,1.5,1.1043
2024-09-12,2.9360476,1.5,1.1016
2024-09-13,2.9360476,1.5,1.1081
2024-09-14,2.9360476,1.5,1.1081
2024-09-15,2.9360476,1.5,1.1081
2024-09-16,2.9360476,1.5,1.1126
2024-09-17,2.9360476,1.5,1.1139
2024-09-18,2.9360476,1.5,1.1124
2024-09-19,2.9360476,1.5,1.1156
2024-09-20,2.9360476,1.5,1.1166
2024-09-21,2.9360476,1.5,1.1166
2024-09-22,2.9360476,1.5,1.1166
2024-09-23,2.9360476,1.5,1.1119
2024-09-24,2.9360476,1.5,1.1133
2024-09-25,2.9360476,1.5,1.1194
2024-09-26,2.9360476,1.5,1.1155
2024-09-27,2.9360476,1.5,1.1158
2024-09-28,2.9360476,1.5,1.1158
2024-09-29,2.9360476,1.5,1.1158
2024-09-30,2.9360476,1.5,1.1196
2024-10-01,2.6913043,1.8,1.1086
2024-10-02,2.6913043,1.8,1.1071
2024-10-03,2.6913043,1.8,1.1039
2024-10-04,2.6913043,1.8,1.1029
2024-10-05,2.6913043,1.8,1.1029
2024-10-06,2.6913043,1.8,1.1029
2024-10-07,2.6913043,1.8,1.0982
2024-10-08,2.6913043,1.8,1.0982
2024-10-09,2.6913043,1.8,1.0957
2024-10-10,2.6913043,1.8,1.0932
2024-10-11,2.6913043,1.8,1.0938
2024-10-12,2.6913043,1.8,1.0938
2024-10-13,2.6913043,1.8,1.0938
2024-10-14,2.6913043,1.8,1.0915
2024-10-15,2.6913043,1.8,1.0903
2024-10-16,2.6913043,1.8,1.0897
2024-10-17,2.6913043,1.8,1.0866
2024-10-18,2.6913043,1.8,1.0847
2024-10-19,2.6913043,1.8,1.0847
2024-10-20,2.6913043,1.8,1.0847
2024-10-21,2.6913043,1.8,1.0853
2024-10-22,2.6913043,1.8,1.0821
2024-10-23,2.6913043,1.8,1.0767
2024-10-24,2.6913043,1.8,1.0801
2024-10-25,2.6913043,1.8,1.0825
2024-10-26,2.6913043,1.8,1.0825
2024-10-27,2.6913043,1.8,1.0825
2024-10-28,2.6913043,1.8,1.0818
2024-10-29,2.6913043,1.8,1.0774
2024-10-30,2.6913043,1.8,1.0815
2024-10-31,2.6913043,1.8,1.0882
2024-11-01,2.5055714,2.4,1.0885
2024-11-02,2.5055714,2.4,1.0885
2024-11-03,2.5055714,2.4,1.0885
2024-11-04,2.5055714,2.4,1.0904
2024-11-05,2.5055714,2.4,1.0897
2024-11-06,2.5055714,2.4,1.0695
2024-11-07,2.5055714,2.4,1.0785
2024-11-08,2.5055714,2.4,1.0772
2024-11-09,2.5055714,2.4,1.0772
2024-11-10,2.5055714,2.4,1.0772
2024-11-11,2.5055714,2.4,1.0651
2024-11-12,2.5055714,2.4,1.0617
2024-11-13,2.5055714,2.4,1.0629
2024-11-14,2.5055714,2.4,1.0533
2024-11-15,2.5055714,2.4,1.0583
2024-11-16,2.5055714,2.4,1.0583
2024-11-17,2.5055714,2.4,1.0583
2024-11-18,2.5055714,2.4,1.0552
2024-11-19,2.5055714,2.4,1.0578
2024-11-20,2.5055714,2.4,1.0562
2024-11-21,2.5055714,2.4,1.0526
2024-11-22,2.5055714,2.4,1.0412
2024-11-23,2.5055714,2.4,1.0412
2024-11-24,2.5055714,2.4,1.0412
2024-11-25,2.5055714,2.4,1.0495
2024-11-26,2.5055714,2.4,1.0522
2024-11-27,2.5055714,2.4,1.0531
2024-11-28,2.5055714,2.4,1.0542
2024-11-29,2.5055714,2.4,1.0562
2024-11-30,2.5055714,2.4,1.0562
2024-12-01,2.43605,2.8,1.0562
2024-12-02,2.43605,2.8,1.0507
2024-12-03,2.43605,2.8,1.0512
2024-12-04,2.43605,2.8,1.0492
2024-12-05,2.43605,2.8,1.054
2024-12-06,2.43605,2.8,1.0581
2024-12-07,2.43605,2.8,1.0581
2024-12-08,2.43605,2.8,1.0581
2024-12-09,2.43605,2.8,1.0568
2024-12-10,2.43605,2.8,1.0527
2024-12-11,2.43605,2.8,1.0507
2024-12-12,2.43605,2.8,1.0491
2024-12-13,2.43605,2.8,1.0518
2024-12-14,2.43605,2.8,1.0518
2024-12-15,2.43605,2.8,1.0518
2024-12-16,2.43605,2.8,1.0498
2024-12-17,2.43605,2.8,1.0497
2024-12-18,2.43605,2.8,1.0496
2024-12-19,2.43605,2.8,1.0395
2024-12-20,2.43605,2.8,1.039
2024-12-21,2.43605,2.8,1.039
2024-12-22,2.43605,2.8,1.039
2024-12-23,2.43605,2.8,1.0393
2024-12-24,2.43605,2.8,1.0395
2024-12-25,2.43605,2.8,1.0395
2024-12-26,2.43605,2.8,1.0395
2024-12-27,2.43605,2.8,1.0435
2024-12-28,2.43605,2.8,1.0435
2024-12-29,2.43605,2.8,1.0435
2024-12-30,2.43605,2.8,1.0444
2024-12-31,2.43605,2.8,1.0389
2025-01-01,2.5252273,2.9,1.0389
2025-01-02,2.5252273,2.9,1.0321
2025-01-03,2.5252273,2.9,1.0299
2025-01-04,2.5252273,2.9,1.0299
2025-01-05,2.5252273,2.9,1.0299
2025-01-06,2.5252273,2.9,1.0426
2025-01-07,2.5252273,2.9,1.0393
2025-01-08,2.5252273,2.9,1.0286
2025-01-09,2.5252273,2.9,1.0305
2025-01-10,2.5252273,2.9,1.0304
2025-01-11,2.5252273,2.9,1.0304
2025-01-12,2.5252273,2.9,1.0304
2025-01-13,2.5252273,2.9,1.0198
2025-01-14,2.5252273,2.9,1.0245
2025-01-15,2.5252273,2.9,1.03
2025-01-16,2.5252273,2.9,1.0272
2025-01-17,2.5252273,2.9,1.0298
2025-01-18,2.5252273,2.9,1.0298
2025-01-19,2.5252273,2.9,1.0298
2025-01-20,2.5252273,2.9,1.0316
2025-01-21,2.5252273,2.9,1.0357
2025-01-22,2.5252273,2.9,1.0443
2025-01-23,2.5252273,2.9,1.0404
2025-01-24,2.5252273,2.9,1.0472
2025-01-25,2.5252273,2.9,1.0472
2025-01-26,2.5252273,2.9,1.0472
2025-01-27,2.5252273,2.9,1.053
2025-01-28,2.5252273,2.9,1.0421
2025-01-29,2.5252273,2.9,1.0396
2025-01-30,2.5252273,2.9,1.0403
2025-01-31,2.5252273,2.9,1.0393
2025-02-01,2.40695,3.0,1.0393
2025-02-02,2.40695,3.0,1.0393
2025-02-03,2.40695,3.0,1.0274
2025-02-04,2.40695,3.0,1.0335
2025-02-05,2.40695,3.0,1.0422
2025-02-06,2.40695,3.0,1.036
2025-02-07,2.40695,3.0,1.0377
2025-02-08,2.40695,3.0,1.0377
2025-02-09,2.40695,3.0,1.0377
2025-02-10,2.40695,3.0,1.032
2025-02-11,2.40695,3.0,1.0324
2025-02-12,2.40695,3.0,1.037
2025-02-13,2.40695,3.0,1.039
2025-02-14,2.40695,3.0,1.0478
2025-02-15,2.40695,3.0,1.0478
2025-02-16,2.40695,3.0,1.0478
2025-02-17,2.40695,3.0,1.0473
2025-02-18,2.40695,3.0,1.0447
2025-02-19,2.40695,3.0,1.0434
2025-02-20,2.40695,3.0,1.0443
2025-02-21,2.40695,3.0,1.0465
2025-02-22,2.40695,3.0,1.0465
2025-02-23,2.40695,3.0,1.0465
2025-02-24,2.40695,3.0,1.0466
2025-02-25,2.40695,3.0,1.0497
2025-02-26,2.40695,3.0,1.0487
2025-02-27,2.40695,3.0,1.0477
2025-02-28,2.40695,3.0,1.0411
2025-03-01,2.398381,2.3,1.0411
2025-03-02,2.398381,2.3,1.0411
2025-03-03,2.398381,2.3,1.0465
2025-03-04,2.398381,2.3,1.0557
2025-03-05,2.398381,2.3,1.0694
2025-03-06,2.398381,2.3,1.0796
2025-03-07,2.398381,2.3,1.0857
2025-03-08,2.398381,2.3,1.0857
2025-03-09,2.398381,2.3,1.0857
2025-03-10,2.398381,2.3,1.0845
2025-03-11,2.398381,2.3,1.0912
2025-03-12,2.398381,2.3,1.0886
2025-03-13,2.398381,2.3,1.083
2025-03-14,2.398381,2.3,1.0889
2025-03-15,2.398381,2.3,1.0889
2025-03-16,2.398381,2.3,1.0889
2025-03-17,2.398381,2.3,1.0903
2025-03-18,2.398381,2.3,1.0918
2025-03-19,2.398381,2.3,1.0897
2025-03-20,2.398381,2.3,1.0833
2025-03-21,2.398381,2.3,1.0827
2025-03-22,2.398381,2.3,1.0827
2025-03-23,2.398381,2.3,1.0827
2025-03-24,2.398381,2.3,1.0824
2025-03-25,2.398381,2.3,1.0825
2025-03-26,2.398381,2.3,1.0788
2025-03-27,2.398381,2.3,1.0785
2025-03-28,2.398381,2.3,1.0797
2025-03-29,2.398381,2.3,1.0797
2025-03-30,2.398381,2.3,1.0797
2025-03-31,2.398381,2.3,1.0815
2025-04-01,2.1434,2.2,1.0788
2025-04-02,2.1434,2.2,1.0803
2025-04-03,2.1434,2.2,1.1097
2025-04-04,2.1434,2.2,1.1057
2025-04-05,2.1434,2.2,1.1057
2025-04-06,2.1434,2.2,1.1057
2025-04-07,2.1434,2.2,1.0967
2025-04-08,2.1434,2.2,1.095
2025-04-09,2.1434,2.2,1.1045
2025-04-10,2.1434,2.2,1.1082
2025-04-11,2.1434,2.2,1.1346
2025-04-12,2.1434,2.2,1.1346
2025-04-13,2.1434,2.2,1.1346
2025-04-14,2.1434,2.2,1.1377
2025-04-15,2.1434,2.2,1.1324
2025-04-16,2.1434,2.2,1.1355
2025-04-17,2.1434,2.2,1.136
2025-04-18,2.1434,2.2,1.136
2025-04-19,2.1434,2.2,1.136
2025-04-20,2.1434,2.2,1.136
2025-04-21,2.1434,2.2,1.136
2025-04-22,2.1434,2.2,1.1476
2025-04-23,2.1434,2.2,1.1415
2025-04-24,2.1434,2.2,1.1376
2025-04-25,2.1434,2.2,1.1357
2025-04-26,2.1434,2.2,1.1357
2025-04-27,2.1434,2.2,1.1357
2025-04-28,2.1434,2.2,1.1358
2025-04-29,2.1434,2.2,1.1373
2025-04-30,2.1434,2.2,1.1373
2025-05-01,2.0805714,2.0,1.1373
2025-05-02,2.0805714,2.0,1.1343
2025-05-03,2.0805714,2.0,1.1343
2025-05-04,2.0805714,2.0,1.1343
2025-05-05,2.0805714,2.0,1.1343
2025-05-06,2.0805714,2.0,1.1325
2025-05-07,2.0805714,2.0,1.136
2025-05-08,2.0805714,2.0,1.1297
2025-05-09,2.0805714,2.0,1.1252
2025-05-10,2.0805714,2.0,1.1252
2025-05-11,2.0805714,2.0,1.1252
2025-05-12,2.0805714,2.0,1.1106
2025-05-13,2.0805714,2.0,1.1112
2025-05-14,2.0805714,2.0,1.1214
2025-05-15,2.0805714,2.0,1.1185
2025-05-16,2.0805714,2.0,1.1194
2025-05-17,2.0805714,2.0,1.1194
2025-05-18,2.0805714,2.0,1.1194
2025-05-19,2.0805714,2.0,1.1262
2025-05-20,2.0805714,2.0,1.1241
2025-05-21,2.0805714,2.0,1.1321
2025-05-22,2.0805714,2.0,1.1309
2025-05-23,2.0805714,2.0,1.1301
2025-05-24,2.0805714,2.0,1.1301
2025-05-25,2.0805714,2.0,1.1301
2025-05-26,2.0805714,2.0,1.1381
2025-05-27,2.0805714,2.0,1.1356
2025-05-28,2.0805714,2.0,1.1317
2025-05-29,2.0805714,2.0,1.1281
2025-05-30,2.0805714,2.0,1.1339
2025-05-31,2.0805714,2.0,1.1339
2025-06-01,2.0809048,2.3,1.1339
2025-06-02,2.0809048,2.3,1.1419
2025-06-03,2.0809048,2.3,1.1386
2025-06-04,2.0809048,2.3,1.1384
2025-06-05,2.0809048,2.3,1.1423
2025-06-06,2.0809048,2.3,1.1411
2025-06-07,2.0809048,2.3,1.1411
2025-06-08,2.0809048,2.3,1.1411
2025-06-09,2.0809048,2.3,1.141
2025-06-10,2.0809048,2.3,1.1429
2025-06-11,2.0809048,2.3,1.1433
2025-06-12,2.0809048,2.3,1.1594
2025-06-13,2.0809048,2.3,1.1512
2025-06-14,2.0809048,2.3,1.1512
2025-06-15,2.0809048,2.3,1.1512
2025-06-16,2.0809048,2.3,1.1574
2025-06-17,2.0809048,2.3,1.1568
2025-06-18,2.0809048,2.3,1.1508
2025-06-19,2.0809048,2.3,1.1478
2025-06-20,2.0809048,2.3,1.1515
2025-06-21,2.0809048,2.3,1.1515
2025-06-22,2.0809048,2.3,1.1515
2025-06-23,2.0809048,2.3,1.1472
2025-06-24,2.0809048,2.3,1.1607
2025-06-25,2.0809048,2.3,1.1598
2025-06-26,2.0809048,2.3,1.1695
2025-06-27,2.0809048,2.3,1.1704
2025-06-28,2.0809048,2.3,1.1704
2025-06-29,2.0809048,2.3,1.1704
2025-06-30,2.0809048,2.3,1.172
2025-07-01,2.079087,2.7,1.181
2025-07-02,2.079087,2.7,1.1755
2025-07-03,2.079087,2.7,1.1782
2025-07-04,2.079087,2.7,1.1767
2025-07-05,2.079087,2.7,1.1767
2025-07-06,2.079087,2.7,1.1767
2025-07-07,2.079087,2.7,1.1728
2025-07-08,2.079087,2.7,1.1718
2025-07-09,2.079087,2.7,1.1698
2025-07-10,2.079087,2.7,1.1709
2025-07-11,2.079087,2.7,1.1683
2025-07-12,2.079087,2.7,1.1683
2025-07-13,2.079087,2.7,1.1683
2025-07-14,2.079087,2.7,1.169
2025-07-15,2.079087,2.7,1.1665
2025-07-16,2.079087,2.7,1.1602
2025-07-17,2.079087,2.7,1.1579
2025-07-18,2.079087,2.7,1.165
2025-07-19,2.079087,2.7,1.165
2025-07-20,2.079087,2.7,1.165
2025-07-21,2.079087,2.7,1.1667
2025-07-22,2.079087,2.7,1.1699
2025-07-23,2.079087,2.7,1.1726
2025-07-24,2.079087,2.7,1.1756
2025-07-25,2.079087,2.7,1.1724
2025-07-26,2.079087,2.7,1.1724
2025-07-27,2.079087,2.7,1.1724
2025-07-28,2.079087,2.7,1.1654
2025-07-29,2.079087,2.7,1.1533
2025-07-30,2.079087,2.7,1.1527
2025-07-31,2.079087,2.7,1.1446
2025-08-01,2.1139048,2.7,1.1404
2025-08-02,2.1139048,2.7,1.1404
2025-08-03,2.1139048,2.7,1.1404
2025-08-04,2.1139048,2.7,1.1565
2025-08-05,2.1139048,2.7,1.1546
2025-08-06,2.1139048,2.7,1.1604
2025-08-07,2.1139048,2.7,1.1643
2025-08-08,2.1139048,2.7,1.1648
2025-08-09,2.1139048,2.7,1.1648
2025-08-10,2.1139048,2.7,1.1648
2025-08-11,2.1139048,2.7,1.1622
2025-08-12,2.1139048,2.7,1.1606
2025-08-13,2.1139048,2.7,1.1711
2025-08-14,2.1139048,2.7,1.169
2025-08-15,2.1139048,2.7,1.1688
2025-08-16,2.1139048,2.7,1.1688
2025-08-17,2.1139048,2.7,1.1688
2025-08-18,2.1139048,2.7,1.1673
2025-08-19,2.1139048,2.7,1.1682
2025-08-20,2.1139048,2.7,1.1651
2025-08-21,2.1139048,2.7,1.1639
2025-08-22,2.1139048,2.7,1.1608
2025-08-23,2.1139048,2.7,1.1608
2025-08-24,2.1139048,2.7,1.1608
2025-08-25,2.1139048,2.7,1.1697
2025-08-26,2.1139048,2.7,1.1656
2025-08-27,2.1139048,2.7,1.1593
2025-08-28,2.1139048,2.7,1.1676
2025-08-29,2.1139048,2.7,1.1658
2025-08-30,2.1139048,2.7,1.1658
2025-08-31,2.1139048,2.7,1.1658
2025-09-01,2.1715,3.0,1.1715
2025-09-02,2.1715,3.0,1.1646
2025-09-03,2.1715,3.0,1.1653
2025-09-04,2.1715,3.0,1.1647
2025-09-05,2.1715,3.0,1.1697
2025-09-06,2.1715,3.0,1.1697
2025-09-07,2.1715,3.0,1.1697
2025-09-08,2.1715,3.0,1.1728
2025-09-09,2.1715,3.0,1.1744
2025-09-10,2.1715,3.0,1.1707
2025-09-11,2.1715,3.0,1.1685
2025-09-12,2.1715,3.0,1.1718
2025-09-13,2.1715,3.0,1.1718
2025-09-14,2.1715,3.0,1.1718
2025-09-15,2.1715,3.0,1.1766
2025-09-16,2.1715,3.0,1.1807
2025-09-17,2.1715,3.0,1.1837
2025-09-18,2.1715,3.0,1.1818
2025-09-19,2.1715,3.0,1.1736
2025-09-20,2.1715,3.0,1.1736
2025-09-21,2.1715,3.0,1.1736
2025-09-22,2.1715,3.0,1.1781
2025-09-23,2.1715,3.0,1.1793
2025-09-24,2.1715,3.0,1.1756
2025-09-25,2.1715,3.0,1.1739
2025-09-26,2.1715,3.0,1.1672
2025-09-27,2.1715,3.0,1.1672
2025-09-28,2.1715,3.0,1.1672
2025-09-29,2.1715,3.0,1.1723
2025-09-30,2.1715,3.0,1.1741
2025-10-01,2.1873043,3.1,1.1724
2025-10-02,2.1873043,3.1,1.1754
2025-10-03,2.1873043,3.1,1.1734
2025-10-04,2.1873043,3.1,1.1734
2025-10-05,2.1873043,3.1,1.1734
2025-10-06,2.1873043,3.1,1.1678
2025-10-07,2.1873043,3.1,1.1666
2025-10-08,2.1873043,3.1,1.1627
2025-10-09,2.1873043,3.1,1.1611
2025-10-10,2.1873043,3.1,1.1568
2025-10-11,2.1873043,3.1,1.1568
2025-10-12,2.1873043,3.1,1.1568
2025-10-13,2.1873043,3.1,1.1569
2025-10-14,2.1873043,3.1,1.1553
2025-10-15,2.1873043,3.1,1.1622
2025-10-16,2.1873043,3.1,1.1649
2025-10-17,2.1873043,3.1,1.1681
2025-10-18,2.1873043,3.1,1.1681
2025-10-19,2.1873043,3.1,1.1681
2025-10-20,2.1873043,3.1,1.1655
2025-10-21,2.1873043,3.1,1.1607
2025-10-22,2.1873043,3.1,1.1587
2025-10-23,2.1873043,3.1,1.1593
2025-10-24,2.1873043,3.1,1.1612
2025-10-25,2.1873043,3.1,1.1612
2025-10-26,2.1873043,3.1,1.1612
2025-10-27,2.1873043,3.1,1.164
2025-10-28,2.1873043,3.1,1.163
2025-10-29,2.1873043,3.1,1.1636
2025-10-30,2.1873043,3.1,1.155
2025-10-31,2.1873043,3.1,1.1554
2025-11-01,2.2169,3.0,1.1554
2025-11-02,2.2169,3.0,1.1554
2025-11-03,2.2169,3.0,1.1514
2025-11-04,2.2169,3.0,1.1491
2025-11-05,2.2169,3.0,1.1492
2025-11-06,2.2169,3.0,1.1533
2025-11-07,2.2169,3.0,1.1561
2025-11-08,2.2169,3.0,1.1561
2025-11-09,2.2169,3.0,1.1561
2025-11-10,2.2169,3.0,1.1571
2025-11-11,2.2169,3.0,1.1575
2025-11-12,2.2169,3.0,1.1576
2025-11-13,2.2169,3.0,1.1619
2025-11-14,2.2169,3.0,1.1648
2025-11-15,2.2169,3.0,1.1648
2025-11-16,2.2169,3.0,1.1648
2025-11-17,2.2169,3.0,1.1593
2025-11-18,2.2169,3.0,1.159
2025-11-19,2.2169,3.0,1.1583
2025-11-20,2.2169,3.0,1.1514
2025-11-21,2.2169,3.0,1.152
2025-11-22,2.2169,3.0,1.152
2025-11-23,2.2169,3.0,1.152
2025-11-24,2.2169,3.0,1.1544
2025-11-25,2.2169,3.0,1.1551
2025-11-26,2.2169,3.0,1.1577
2025-11-27,2.2169,3.0,1.1586
2025-11-28,2.2169,3.0,1.1566
2025-11-29,2.2169,3.0,1.1566
2025-11-30,2.2169,3.0,1.1566
2025-12-01,2.2671429,2.9,1.1646
2025-12-02,2.2671429,2.9,1.1614
2025-12-03,2.2671429,2.9,1.1668
2025-12-04,2.2671429,2.9,1.1666
2025-12-05,2.2671429,2.9,1.1645
2025-12-06,2.2671429,2.9,1.1645
2025-12-07,2.2671429,2.9,1.1645
2025-12-08,2.2671429,2.9,1.1655
2025-12-09,2.2671429,2.9,1.1637
2025-12-10,2.2671429,2.9,1.1634
2025-12-11,2.2671429,2.9,1.1714
2025-12-12,2.2671429,2.9,1.1731
2025-12-13,2.2671429,2.9,1.1731
2025-12-14,2.2671429,2.9,1.1731
2025-12-15,2.2671429,2.9,1.1753
2025-12-16,2.2671429,2.9,1.1776
2025-12-17,2.2671429,2.9,1.1722
2025-12-18,2.2671429,2.9,1.1719
2025-12-19,2.2671429,2.9,1.1712
2025-12-20,2.2671429,2.9,1.1712
2025-12-21,2.2671429,2.9,1.1712
2025-12-22,2.2671429,2.9,1.1745
2025-12-23,2.2671429,2.9,1.1786
2025-12-24,2.2671429,2.9,1.1787
2025-12-25,2.2671429,2.9,1.1787
2025-12-26,2.2671429,2.9,1.1787
2025-12-27,2.2671429,2.9,1.1787
2025-12-28,2.2671429,2.9,1.1787
2025-12-29,2.2671429,2.9,1.1766
2025-12-30,2.2671429,2.9,1.1757
2025-12-31,2.2671429,2.9,1.175
2026-01-01,2.2450952,2.9,1.175
2026-01-02,2.2450952,2.9,1.1721
2026-01-03,2.2450952,2.9,1.1721
2026-01-04,2.2450952,2.9,1.1721
2026-01-05,2.2450952,2.9,1.1664
2026-01-06,2.2450952,2.9,1.1707
2026-01-07,2.2450952,2.9,1.1684
2026-01-08,2.2450952,2.9,1.1675
2026-01-09,2.2450952,2.9,1.1642
2026-01-10,2.2450952,2.9,1.1642
2026-01-11,2.2450952,2.9,1.1642
2026-01-12,2.2450952,2.9,1.1692
2026-01-13,2.2450952,2.9,1.1654
2026-01-14,2.2450952,2.9,1.1651
2026-01-15,2.2450952,2.9,1.1624
2026-01-16,2.2450952,2.9,1.1617
2026-01-17,2.2450952,2.9,1.1617
2026-01-18,2.2450952,2.9,1.1617
2026-01-19,2.2450952,2.9,1.1631
2026-01-20,2.2450952,2.9,1.1728
2026-01-21,2.2450952,2.9,1.1739
2026-01-22,2.2450952,2.9,1.1706
2026-01-23,2.2450952,2.9,1.1742
2026-01-24,2.2450952,2.9,1.1742
2026-01-25,2.2450952,2.9,1.1742
2026-01-26,2.2450952,2.9,1.1836
2026-01-27,2.2450952,2.9,1.1929
2026-01-28,2.2450952,2.9,1.1974
2026-01-29,2.2450952,2.9,1.1968
2026-01-30,2.2450952,2.9,1.1919
2026-01-31,2.2450952,2.9,1.1919
2026-02-01,2.2207,2.9,1.1919
2026-02-02,2.2207,2.9,1.184
2026-02-03,2.2207,2.9,1.1801
2026-02-04,2.2207,2.9,1.182
2026-02-05,2.2207,2.9,1.1798
2026-02-06,2.2207,2.9,1.1794
2026-02-07,2.2207,2.9,1.1794
2026-02-08,2.2207,2.9,1.1794
2026-02-09,2.2207,2.9,1.1886
2026-02-10,2.2207,2.9,1.1894
2026-02-11,2.2207,2.9,1.19
2026-02-12,2.2207,2.9,1.1874
2026-02-13,2.2207,2.9,1.1862
2026-02-14,2.2207,2.9,1.1862
2026-02-15,2.2207,2.9,1.1862
2026-02-16,2.2207,2.9,1.1855
2026-02-17,2.2207,2.9,1.1826
2026-02-18,2.2207,2.9,1.1845
2026-02-19,2.2207,2.9,1.1753
2026-02-20,2.2207,2.9,1.1767
2026-02-21,2.2207,2.9,1.1767
2026-02-22,2.2207,2.9,1.1767
2026-02-23,2.2207,2.9,1.1784
2026-02-24,2.2207,2.9,1.1777
2026-02-25,2.2207,2.9,1.1784
2026-02-26,2.2207,2.9,1.1814
2026-02-27,2.2207,2.9,1.1805
2026-02-28,2.2207,2.9,1.1805
2026-03-01,2.5651364,2.9,1.1805
2026-03-02,2.5651364,2.9,1.1698
2026-03-03,2.5651364,2.9,1.1606
2026-03-04,2.5651364,2.9,1.1649
2026-03-05,2.5651364,2.9,1.1618
2026-03-06,2.5651364,2.9,1.1561
2026-03-07,2.5651364,2.9,1.1561
2026-03-08,2.5651364,2.9,1.1561
2026-03-09,2.5651364,2.9,1.1555
2026-03-10,2.5651364,2.9,1.1641
2026-03-11,2.5651364,2.9,1.1581
2026-03-12,2.5651364,2.9,1.1547
2026-03-13,2.5651364,2.9,1.1476
2026-03-14,2.5651364,2.9,1.1476
2026-03-15,2.5651364,2.9,1.1476
2026-03-16,2.5651364,2.9,1.1478
2026-03-17,2.5651364,2.9,1.1531
2026-03-18,2.5651364,2.9,1.15
2026-03-19,2.5651364,2.9,1.1489
2026-03-20,2.5651364,2.9,1.1555
2026-03-21,2.5651364,2.9,1.1555
2026-03-22,2.5651364,2.9,1.1555
2026-03-23,2.5651364,2.9,1.1596
2026-03-24,2.5651364,2.9,1.1572
2026-03-25,2.5651364,2.9,1.1592
2026-03-26,2.5651364,2.9,1.1539
2026-03-27,2.5651364,2.9,1.1517
2026-03-28,2.5651364,2.9,1.1517
2026-03-29,2.5651364,2.9,1.1517
2026-03-30,2.5651364,2.9,1.1484
2026-03-31,2.5651364,2.9,1.1498
2026-04-01,2.7468,2.9,1.1605
2026-04-02,2.7468,2.9,1.1525
2026-04-03,2.7468,2.9,1.1525
2026-04-04,2.7468,2.9,1.1525
2026-04-05,2.7468,2.9,1.1525
2026-04-06,2.7468,2.9,1.1525
2026-04-07,2.7468,2.9,1.1557
2026-04-08,2.7468,2.9,1.1706
2026-04-09,2.7468,2.9,1.1685
2026-04-10,2.7468,2.9,1.1711
2026-04-11,2.7468,2.9,1.1711
2026-04-12,2.7468,2.9,1.1711
2026-04-13,2.7468,2.9,1.1684
2026-04-14,2.7468,2.9,1.1793
2026-04-15,2.7468,2.9,1.178
2026-04-16,2.7468,2.9,1.1782
2026-04-17,2.7468,2.9,1.1797
2026-04-18,2.7468,2.9,1.1797
2026-04-19,2.7468,2.9,1.1797
2026-04-20,2.7468,2.9,1.176
2026-04-21,2.7468,2.9,1.1767
2026-04-22,2.7468,2.9,1.1733
2026-04-23,2.7468,2.9,1.1694
2026-04-24,2.7468,2.9,1.1712
2026-04-25,2.7468,2.9,1.1712
2026-04-26,2.7468,2.9,1.1712
2026-04-27,2.7468,2.9,1.1749
2026-04-28,2.7468,2.9,1.168
2026-04-29,2.7468,2.9,1.1706
2026-04-30,2.7468,2.9,1.1702
2026-05-01,2.8042,2.9,1.1702
2026-05-02,2.8042,2.9,1.1702
2026-05-03,2.8042,2.9,1.1702
2026-05-04,2.8042,2.9,1.17
2026-05-05,2.8042,2.9,1.1686
2026-05-06,2.8042,2.9,1.1762
2026-05-07,2.8042,2.9,1.177
2026-05-08,2.8042,2.9,1.1761
2026-05-09,2.8042,2.9,1.1761
2026-05-10,2.8042,2.9,1.1761
2026-05-11,2.8042,2.9,1.1765
2026-05-12,2.8042,2.9,1.1738
2026-05-13,2.8042,2.9,1.1715
2026-05-14,2.8042,2.9,1.1702
2026-05-15,2.8042,2.9,1.1628
2026-05-16,2.8042,2.9,1.1628
2026-05-17,2.8042,2.9,1.1628
2026-05-18,2.8042,2.9,1.1648
2026-05-19,2.8042,2.9,1.162
2026-05-20,2.8042,2.9,1.16
2026-05-21,2.8042,2.9,1.1599
2026-05-22,2.8042,2.9,1.1595
2026-05-23,2.8042,2.9,1.1595
2026-05-24,2.8042,2.9,1.1595
2026-05-25,2.8042,2.9,1.1643
2026-05-26,2.8042,2.9,1.1634
2026-05-27,2.8042,2.9,1.1637
2026-05-28,2.8042,2.9,1.1617
2026-05-29,2.8042,2.9,1.1644
2026-05-30,2.8042,2.9,1.1644
2026-05-31,2.8042,2.9,1.1644
2026-06-01,2.7975909,2.9,1.1646
2026-06-02,2.7975909,2.9,1.1649
2026-06-03,2.7975909,2.9,1.1614
2026-06-04,2.7975909,2.9,1.164
2026-06-05,2.7975909,2.9,1.164
2026-06-06,2.7975909,2.9,1.164
2026-06-07,2.7975909,2.9,1.164
2026-06-08,2.7975909,2.9,1.154
2026-06-09,2.7975909,2.9,1.1573
2026-06-10,2.7975909,2.9,1.1539
2026-06-11,2.7975909,2.9,1.1537
2026-06-12,2.7975909,2.9,1.1567
2026-06-13,2.7975909,2.9,1.1567
2026-06-14,2.7975909,2.9,1.1567
2026-06-15,2.7975909,2.9,1.1607
2026-06-16,2.7975909,2.9,1.1594
2026-06-17,2.7975909,2.9,1.1591
2026-06-18,2.7975909,2.9,1.1461
2026-06-19,2.7975909,2.9,1.1467
2026-06-20,2.7975909,2.9,1.1467
2026-06-21,2.7975909,2.9,1.1467
2026-06-22,2.7975909,2.9,1.1456
2026-06-23,2.7975909,2.9,1.1392
2026-06-24,2.7975909,2.9,1.134
2026-06-25,2.7975909,2.9,1.1342
2026-06-26,2.7975909,2.9,1.1401
2026-06-27,2.7975909,2.9,1.1401
2026-06-28,2.7975909,2.9,1.1401
2026-06-29,2.7975909,2.9,1.1406
2026-06-30,2.7975909,2.9,1.1394
